Media,ag_cover,Site,Date,Weight,Sample ID,Alachlor,Anthraquinone,Atrazine,Bifenthrin,Biphenyl,Carfentrazone ethyl,Chlorobenzilate,cis-Captafol,Diazinon,Diphenylamine,DMF,Malathion,Metalaxyl,Metolachlor,o-Hydroxybiphenyl,Penconazole,Procymidone,Pyriproxyfen,Terbacil,Terbuthylazine,Tetrahydrophthalimide,Vinclozoline,Dinotefuran,Nitenpyram,Thiamethoxam,Clothianidin,Imidacloprid,Acetamiprid,Thiacloprid
FP,high,BR,429,1.99,FP 1,0.012254902,0.013,0.025,,0.05,0.1,0.025,,0.025,0.05,0.578,,,0.012,0.013,0.013,0.025,0.025,0.389,0.063,0.452,,0.04,0.561,0.202,3.823,0.148,0.091,1.004
FP,high,BR,502,1.506,FP 11,0.012254902,0.013,0.025,,0.066,0.1,0.025,,0.166,0.1,1.826,,,0.133,0.013,0.013,0.025,0.025,0.389,0.063,1.726,,0.118,0.434,3.047,4.247,2.405,0.541,0.407
FP,high,BR,505,1.51,FP 21,0.012254902,0.013,0.232,,0.033,0.1,0.025,,0.099,0.099,2.255,,,0.133,0.013,0.013,0.025,0.025,0.389,0.063,0.149,,0.04,1.307,24.049,11.804,9.692,1.536,1.809
FP,high,BR,508,2,FP 31,0.012254902,0.013,0.025,,0.025,0.1,0.025,,0.125,0.075,1.7,,,0.475,0.013,0.013,0.025,0.025,0.389,0.063,2.125,,0.04,0.434,8.169,13.628,1.733,0.116,0.294
FP,high,BR,511,1.99,FP 41,0.025125628,0.05,0.352,,0.025,0.1,0.025,,0.201,0.075,1.683,,,0.302,0.013,0.013,0.025,0.025,0.389,0.063,1.03,,0.04,0.434,11.7,14.2,4.214,0.382,1.357
FP,high,BR,514,2,FP 51,0.012254902,0.013,0.025,,0.05,0.1,0.025,,1.525,0.05,1.175,,,0.075,0.025,0.013,0.025,0.025,0.389,0.063,0.725,,0.029,0.093,0.057,0.938,2.016,0.047,0.042
FP,high,BR,519,1.5,FP 61,0.012254902,0.013,0.333,,0.033,0.1,0.025,,0.167,0.012,3.2,,,0.133,0.013,0.013,0.025,0.025,0.389,0.063,5.4,,0.642,0.061,4.153,2.285,3.067,0.926,0.304
FP,high,BR,523,1.98,FP 71,0.012254902,0.013,0.354,,0.051,0.1,0.025,,0.012,0.051,0.455,,,0.076,0.013,0.013,0.025,0.025,0.389,0.063,5.884,,0.029,0.811,0.659,0.938,3.891,0.548,0.804
FP,high,BR,527,2,FP 81,0.012254902,0.013,0.025,,0.025,0.1,0.025,,0.012,0.075,0.975,,,0.012,0.013,0.013,0.025,0.025,0.389,0.063,4.2,,0.35,0.691,2.699,0.938,1.519,0.434,0.204
DBT,high,BR,429,1.2368,DBT 1,,0.154,0.104,0.138,1.132,0.586,0.9,0.937,,0.093,178.808,0.035,0.404,0.045,0.071,0.081,0.9,0.329,3.448,,0.792,0.397,0.161,0.228,1.844,240.559,0.067,8.339,3.709
DBT,high,BR,502,1.2381,DBT 11,,0.154,0.104,0.138,0.888,1.171,0.9,0.937,,1.777,61.344,0.035,0.404,0.045,0.929,0.04,0.9,0.329,3.448,,79.477,0.397,0.161,0.228,21.479,5.958,0.067,0.55,10.587
DBT,high,BR,505,1.2001,DBT 21,,0.154,0.104,0.138,1.042,0.586,0.9,12.457,,0.667,128.614,0.035,0.404,0.625,0.071,0.04,0.9,0.329,3.448,,29.123,0.397,0.161,0.228,1.844,5.958,0.067,0.55,0.185
DBT,high,BR,508,1.1078,DBT 31,,0.154,0.104,0.138,0.496,0.586,0.9,12.231,,1.535,86.929,0.035,0.404,0.045,1.625,0.04,0.9,0.329,3.448,,7.899,0.397,0.161,0.228,1.844,5.958,0.067,7.171,0.185
DBT,high,BR,511,1.3574,DBT 41,,0.589,0.104,0.138,0.737,0.586,0.9,34.072,,1.105,82.621,0.035,0.404,0.045,0.147,0.04,0.9,0.329,3.448,,7.33,0.397,0.161,0.228,1.844,5.958,0.067,24.072,0.185
DBT,high,BR,514,1.2833,DBT 51,,0.154,0.104,0.138,1.87,0.586,0.9,8.221,,2.766,152.77,0.035,0.404,0.045,1.013,0.04,0.9,0.329,3.448,,11.611,0.397,0.161,0.228,1.844,5.958,0.067,0.55,0.185
DBT,high,BR,519,1.6893,DBT 61,,0.154,0.207,0.138,0.414,0.586,0.9,43.983,,1.273,9.264,0.035,0.404,0.045,0.071,0.04,0.9,0.329,3.448,,17.433,0.397,0.161,0.228,1.844,5.958,0.067,15.598,0.185
DBT,high,BR,523,1.5031,DBT 71,,0.154,0.104,0.138,0.632,0.586,0.9,0.937,,0.532,11.376,0.035,0.404,0.045,0.333,0.04,0.9,0.329,3.448,,0.792,0.397,0.161,0.228,1.844,5.958,0.067,0.55,7.696
DBT,high,BR,527,1.1453,DBT 81,,0.154,0.104,0.138,0.611,0.586,0.9,0.937,,0.917,36.541,0.035,0.404,0.045,0.071,0.04,0.9,0.329,3.448,,26.456,0.397,0.161,0.228,1.844,5.958,0.067,13.119,11.104
DBT,high,BR,603,1.3135,DBT 91,,0.154,0.104,0.138,1.218,0.586,0.9,0.937,,0.457,91.245,0.035,0.404,0.045,0.071,0.04,0.9,0.329,3.448,,20.365,0.397,24.488,0.228,1.844,5.958,0.067,0.55,0.185
IHNB,high,BR,429,1,IH NB 85,0.06,,0.304,,0.386,0.273,0.238,,,0.048,13.213,0.035,0.464,0.21,0.145,0.066,,,0.464,0.322,0.835,0.445,0.995,3.849,9.838,3.07,0.837,0.36,0.303
IHNB,high,BR,506,2,IH NB 92,0.06,,0.304,,0.163,0.273,0.238,,,0.442,5.092,0.035,0.464,0.21,0.037,0.066,,,0.464,0.322,0.835,0.445,0.995,3.496,5.475,3.07,0.837,0.36,0.303
IHNB,high,BR,512,3,IH NB 99,0.06,,0.304,,0.6,0.273,0.238,,,0.25,17.346,0.2,0.464,0.21,0.2,0.066,,,0.464,0.322,0.835,0.445,0.995,16.068,5.475,3.07,0.837,0.36,0.303
IHNB,high,BR,521,4,IH NB 106,0.06,,0.304,,0.392,0.273,0.238,,,0.048,10.649,0.035,0.464,0.21,0.138,0.066,,,0.464,0.322,0.835,0.445,0.995,3.849,5.475,3.07,0.837,1.499,1.97
IHL,high,BR,429,1.153,IH L 57,0.321,,,,0.26,,,,,0.9,2.645,0.177,0.518,,0.737,,,,,0.519,,0.9,0.042,0.123,0.058,1.024,0.137,0.11,1.778
IHL,high,BR,506,1.9008,IH L 64,2.367,,,,0.263,,,,,10.417,22.385,1.578,0.518,,0.526,,,,,0.519,,0.9,0.042,0.123,0.058,1.024,0.137,0.11,0.031
IHL,high,BR,512,1.4535,IH L 71,1.995,,,,0.206,,,,,10.526,12.625,1.273,0.518,,0.826,,,,,0.519,,0.9,0.042,0.123,0.058,1.024,0.137,0.11,0.806
IHL,high,BR,521,1.8409,IH L 78,1.005,,,,0.018,,,,,2.281,10.185,0.353,0.518,,0.733,,,,,0.519,,0.9,0.228,0.123,0.058,1.024,0.137,0.585,0.031
IHBB,high,BR,429,2,IH BB 1,0.067,,0.828,0.081,0.162,,,9.515,0.184,1.556,12.04,0.141,,0.18,0.081,,,,,,3.596,,0.104,0.355,0.558,6.814,1.52,0.124,0.041
IHBB,high,BR,506,2,IH BB 8,0.067,,0.291,0.04,0.266,,,1.546,0.184,0.145,2.663,0.121,,0.18,0.015,,,,,,0.615,,0.104,0.355,6.199,16.96,2.35,0.124,0.041
IHBB,high,BR,512,2.6,IH BB 15,0.067,,0.588,0.04,0.126,,,1.546,0.184,0.026,2.604,0.189,,0.18,0.015,,,,,,0.615,,0.104,0.355,7.213,19.535,0.656,0.124,0.041
IHBB,high,BR,521,2,IH BB 22,0.067,,2.115,0.04,0.16,,,3.092,0.184,1.117,3.631,0.199,,0.359,0.015,,,,,,11.67,,0.909,0.355,3.388,3.846,1.54,1.712,0.041
IHH,high,BR,429,5.2,IH H 29,,,0.016,,0.1,,,,,0.004,2.996,0.027,,0.023,0.008,,,,,,0.41,,0.082,0.171,0.028,0.373,0.129,0.027,0.09
IHH,high,BR,506,5.21,IH H 36,,,0.016,,0.101,,,,,0.004,2.418,0.022,,0.023,0.008,,,,,,0.861,,0.082,0.171,0.196,0.373,0.241,0.067,0.082
IHH,high,BR,512,5.98,IH H 43,,,0.016,,0.036,,,,,0.004,1.598,0.005,,0.023,0.008,,,,,,1.32,,0.082,0.171,0.043,0.373,0.114,0.027,0.025
IHH,high,BR,521,5.25,IH H 50,,,0.032,,0.105,,,,,0.04,2.696,0.005,,0.023,0.008,,,,,,5.009,,0.082,0.171,0.06,0.373,0.121,0.092,0.041
FP,low,DS,501,2,FP 2,0.012254902,0.013,0.025,,0.05,0.1,0.025,,0.025,0.125,0.8,,,0.012,0.013,0.013,0.025,0.025,0.389,0.063,0.425,,0.04,0.732,3.448,7.989,0.82,0.783,0.062
FP,low,DS,502,1.51,FP 12,0.012254902,0.013,0.025,,0.033,0.1,0.025,,0.265,0.099,1.424,,,0.012,0.013,0.013,0.025,0.025,0.389,0.063,1.689,,0.099,0.945,5.091,5.291,2.039,0.467,0.589
FP,low,DS,505,1.51,FP 22,0.012254902,0.013,0.025,,0.033,0.1,0.025,,0.762,0.099,3.576,,,0.012,0.013,0.013,0.025,0.025,0.389,0.063,3.907,,0.04,0.434,2.968,7.09,0.701,0.307,0.061
FP,low,DS,508,2,FP 32,0.012254902,0.013,0.025,,0.025,0.1,0.025,,0.175,0.1,0.3,,,0.012,0.013,0.013,0.025,0.025,0.389,0.063,0.149,,0.04,0.434,0.385,10.026,2.873,0.537,0.662
FP,low,DS,511,1.99,FP 42,0.012254902,0.013,0.025,,0.025,0.1,0.025,,0.012,0.05,0.578,,,0.012,0.013,0.013,0.025,0.025,0.389,0.063,0.779,,0.04,0.434,0.202,1.81,1.456,0.204,0.28
FP,low,DS,514,2.02,FP 52,0.012254902,0.013,0.025,,0.025,0.1,0.025,,0.124,0.025,0.594,,,0.012,0.013,0.013,0.025,0.025,0.389,0.063,0.149,,0.029,0.291,0.057,0.938,0.895,0.224,0.197
FP,low,DS,519,1.51,FP 62,0.012254902,0.013,0.331,,0.033,0.1,0.025,,0.012,0.066,3.94,,,0.012,0.013,0.013,0.025,0.025,0.389,0.063,18.212,,0.081,0.061,0.611,0.938,1.153,0.129,0.278
FP,low,DS,523,1.98,FP 72,0.012254902,0.013,0.025,,0.051,0.1,0.025,,0.012,0.051,0.379,,,0.012,0.013,0.013,0.025,0.025,0.389,0.063,3.434,,0.029,0.171,0.598,0.938,0.527,0.477,0.398
FP,low,DS,527,2,FP 82,0.012254902,0.013,0.025,,0.025,0.1,0.025,,0.012,0.075,0.025,,,0.012,0.013,0.013,0.025,0.025,0.389,0.063,0.149,,0.891,0.08,0.057,1.704,5.023,1.614,1.913
DBT,low,DS,501,1.6224,DBT 2,,0.154,0.431,0.138,1.048,0.586,0.9,12.728,,2.496,19.786,0.035,0.404,0.045,0.863,0.555,0.9,0.329,3.448,,20.957,0.397,0.161,0.228,28.511,391.911,0.067,0.55,9.814
DBT,low,DS,502,1.423,DBT 12,,0.154,0.104,0.138,0.02,0.586,0.9,0.937,,0.738,10.647,0.035,0.404,0.045,0.071,0.04,0.9,0.329,3.448,,14.652,0.397,0.161,0.228,1.844,5.958,0.067,0.55,0.185
DBT,low,DS,505,1.604,DBT 22,,0.154,0.104,0.138,0.81,0.586,0.9,0.937,,0.842,146.54,0.035,0.404,0.045,0.53,0.04,0.9,0.329,3.448,,19.67,0.397,0.161,0.228,1.844,5.958,0.067,0.55,3.983
DBT,low,DS,508,1.2642,DBT 32,,0.154,0.104,0.138,0.02,0.586,0.9,15.267,,2.215,39.274,0.035,0.404,0.045,0.949,0.04,0.9,0.329,3.448,,20.448,0.397,24.705,0.228,1.844,5.958,0.067,0.55,7.227
DBT,low,DS,511,1.4898,DBT 42,,0.154,0.104,0.138,1.007,0.586,0.9,12.586,,1.342,28.829,0.035,0.404,0.101,0.436,0.04,0.9,0.329,3.448,,33.595,0.397,0.161,0.228,1.844,5.958,0.067,16.879,0.185
DBT,low,DS,514,2.0351,DBT 52,,0.154,0.104,0.138,1.597,0.586,0.9,5.995,,1.278,108.692,0.035,0.404,0.045,0.516,0.04,0.9,0.329,3.448,,10.515,0.397,0.161,0.228,1.844,5.958,0.067,0.55,0.185
DBT,low,DS,519,0.2083,DBT 62,,0.154,0.104,0.138,8.641,0.586,0.9,0.937,,10.562,154.105,0.035,0.404,0.045,4.801,0.04,0.9,0.329,3.448,,25.204,0.397,0.161,0.228,61.912,5.958,0.067,0.55,41.727
DBT,low,DS,524,1.4698,DBT 80,,0.154,0.104,0.138,0.646,0.586,0.9,0.937,,0.51,13.369,0.035,0.404,0.045,0.544,0.04,0.9,0.329,3.448,,16.091,0.397,0.161,0.228,1.844,879.838,0.067,0.55,0.185
DBT,low,DS,527,0.2245,DBT 82,,0.154,0.104,0.138,6.459,0.586,0.9,0.937,,1.114,53.452,0.035,0.404,0.045,1.559,0.04,0.9,0.329,3.448,,14.699,0.397,0.161,0.228,1.844,5.958,0.067,16.757,0.185
DBT,low,DS,603,1.0593,DBT 92,,0.154,0.104,0.138,0.566,0.586,0.9,0.937,,0.425,36.958,0.035,0.404,0.045,0.236,0.04,0.9,0.329,3.448,,0.792,0.397,0.161,0.228,1.844,5.958,0.067,0.55,5.305
IHNB,low,DS,427,1,IH NB 86,0.06,,0.304,,0.414,0.273,0.238,,,0.048,10.47,0.035,0.464,0.21,0.17,0.066,,,0.464,0.322,0.835,0.445,2.847,20.208,8.666,30.021,0.837,0.36,0.303
IHNB,low,DS,507,2,IH NB 93,0.06,,0.304,,0.587,0.273,0.238,,,0.141,16.208,0.141,0.464,0.21,0.211,0.066,,,0.464,0.322,0.835,0.445,0.995,3.849,5.475,3.07,0.837,1.678,1.46
IHNB,low,DS,513,3,IH NB 100,0.325,,0.304,,0.434,0.273,0.238,,,2.776,9.693,0.13,0.464,0.21,0.325,0.066,,,0.464,0.322,0.835,0.445,4.162,17.145,5.475,53.253,0.837,0.36,0.303
IHNB,low,DS,521,4,IH NB 107,0.06,,0.304,,0.596,0.273,0.238,,,0.143,16.497,0.095,0.464,0.21,0.262,0.066,,,0.464,0.322,0.835,0.445,1.235,3.849,12.822,25.891,0.837,1.783,0.87
IHL,low,DS,427,1.3447,IH L 58,4.759,,,,0.074,,,,,9.779,5.243,1.115,4.388,,0.297,,,,,0.519,,0.9,0.042,0.123,0.058,1.024,0.137,0.11,0.031
IHL,low,DS,507,1.9605,IH L 65,0.791,,,,0.077,,,,,4.948,7.855,1.071,1.581,,0.587,,,,,0.519,,0.9,0.042,0.123,0.058,1.024,0.137,0.11,0.251
IHL,low,DS,513,0.98,IH L 72,1.888,,,,0.306,,,,,2.857,11.786,0.663,0.518,,0.255,,,,,0.519,,0.9,0.042,0.123,0.058,1.024,0.137,0.861,0.197
IHL,low,DS,521,1.5941,IH L 79,1.945,,,,0.125,,,,,11.072,15.401,1.066,1.035,,1.631,,,,,0.519,,0.9,0.276,0.123,0.058,1.024,0.137,0.11,0.274
IHBB,low,DS,427,3,IH BB 2,0.067,,0.089,0.04,0.123,,,1.546,1.103,0.053,1.978,0.053,,0.18,0.035,,,,,,2.345,,33.913,0.355,0.628,0.998,2.125,0.304,0.041
IHBB,low,DS,507,3,IH BB 9,0.067,,0.745,0.04,0.172,,,9.471,0.592,2.215,4.316,0.267,,0.18,0.095,,,,,,3.113,,0.104,0.355,0.558,4.761,1.124,2.072,0.515
IHBB,low,DS,513,1.2,IH BB 16,0.067,,0.089,0.04,0.298,,,1.546,0.184,0.119,6.77,0.119,,0.18,0.119,,,,,,0.615,,0.104,0.355,0.855,3.632,2.591,2.724,0.219
IHBB,low,DS,521,2.6,IH BB 23,0.067,,0.089,0.04,0.163,,,1.546,0.184,0.082,3.431,0.065,,0.18,0.049,,,,,,0.615,,0.104,0.355,0.558,8.213,0.941,0.846,0.041
IHH,low,DS,427,5.22,IH H 30,,,0.016,,0.139,,,,,0.042,2.384,0.005,,0.023,0.008,,,,,,7.029,,0.082,0.171,0.028,0.373,0.263,0.027,0.185
IHH,low,DS,507,5.02,IH H 37,,,0.016,,0.132,,,,,0.028,3.264,0.005,,0.023,0.008,,,,,,4.487,,0.082,0.171,0.028,0.373,0.224,2.284,0.017
IHH,low,DS,513,5.07,IH H 44,,,0.016,,0.11,,,,,0.05,2.61,0.005,,0.023,0.008,,,,,,6.15,,0.082,0.171,0.028,0.373,0.193,2.291,0.008
IHH,low,DS,521,5.4,IH H 51,,,0.016,,0.107,,,,,0.04,2.508,0.005,,0.023,0.008,,,,,,2.734,,0.082,0.171,0.028,0.373,0.123,0.236,0.052
FP,high,FSR,429,1.996,FP 3,0.012254902,0.013,0.376,,0.05,0.2,0.326,,0.075,0.601,1.728,,,0.012,0.013,0.2,0.025,0.025,0.389,0.063,0.149,,0.04,0.434,0.202,2.832,0.718,0.213,0.296
FP,high,FSR,502,1.499,FP 13,0.012254902,0.013,0.467,,0.067,0.1,0.025,,0.233,0.133,1.234,,,0.012,0.013,0.013,0.025,0.025,0.389,0.063,0.6,,0.04,0.434,46.482,91.88,3.567,0.091,0.16
FP,high,FSR,505,1.49,FP 23,0.012254902,0.013,0.336,,0.067,0.1,0.025,,0.012,0.012,1.678,,,0.012,0.013,0.013,0.025,0.025,0.389,0.063,0.149,,0.04,0.434,19.051,46.935,4.645,0.631,0.825
FP,high,FSR,508,2.01,FP 33,0.012254902,0.013,0.025,,0.05,0.1,0.025,,0.012,0.05,0.423,,,0.012,0.013,0.199,0.05,0.224,1.592,0.063,0.597,,0.04,0.434,1.387,2.223,1.49,0.091,0.392
FP,high,FSR,511,2.01,FP 43,0.012254902,0.025,0.224,,0.025,0.1,0.025,,0.012,0.124,0.423,,,0.025,0.013,0.013,0.025,0.025,0.389,0.063,0.97,,0.04,0.434,12.858,17.014,27.844,0.091,0.522
FP,high,FSR,514,2,FP 53,0.012254902,0.05,0.625,,0.025,0.1,0.025,,1.05,0.25,2.625,,,0.4,0.075,0.013,0.025,0.025,0.389,0.063,9.9,,0.062,0.061,3.125,0.938,1.238,0.047,0.216
FP,high,FSR,519,1.5,FP 63,0.012254902,0.013,0.367,,0.033,0.5,0.533,,0.367,0.012,1.7,,,0.012,0.013,0.013,0.025,0.025,0.389,0.063,12.2,,0.092,0.652,1.072,1.297,1.67,0.763,0.477
FP,high,FSR,523,2,FP 73,0.012254902,0.013,0.075,,0.025,0.1,0.025,,0.012,0.025,0.175,,,0.025,0.013,0.013,0.025,0.025,0.389,0.063,3.125,,0.029,0.165,0.87,0.938,2.638,0.41,0.567
FP,high,FSR,527,2.02,FP 83,0.012254902,0.013,0.025,,0.025,0.1,0.025,,0.012,0.05,0.149,,,0.012,0.013,0.013,0.025,0.025,0.389,0.063,1.089,,0.029,1.311,0.057,0.938,10.658,0.047,2.107
DBT,high,FSR,429,1.2851,DBT 3,,0.154,0.104,0.138,1.012,0.586,0.9,0.937,,0.7,47.545,0.035,0.404,0.045,0.389,0.04,0.9,0.329,3.448,,23.889,0.397,0.161,0.228,1.844,5.958,0.067,0.55,0.185
DBT,high,FSR,502,1.5676,DBT 13,,0.154,0.104,0.138,1.595,2.009,10.621,40.54,,6.443,16.426,0.035,7.24,0.045,1.276,0.04,0.9,0.329,3.448,,2.169,0.397,0.161,0.228,1.844,5.958,0.067,0.55,0.185
DBT,high,FSR,505,1.5313,DBT 23,,0.154,0.104,0.138,0.751,0.586,0.9,0.937,,0.947,114.413,0.035,0.404,0.045,0.457,0.04,0.9,0.329,3.448,,7.575,0.397,0.161,0.228,18.478,5.958,0.067,0.55,0.185
DBT,high,FSR,508,1.3197,DBT 33,,0.154,0.104,0.138,1.478,0.586,0.9,24.058,,4.206,53.308,0.035,0.404,0.045,1.478,0.04,0.9,0.329,3.448,,5.191,0.397,0.161,0.228,33.958,5.958,0.067,0.55,0.185
DBT,high,FSR,511,1.4043,DBT 43,,0.154,0.104,0.138,1.175,0.586,0.9,41.231,,1.994,42.762,0.035,0.404,0.178,0.32,0.04,3.952,0.329,3.448,,0.792,0.397,0.161,0.228,8.816,5.958,0.067,0.55,0.185
DBT,high,FSR,514,2.0108,DBT 53,,0.154,0.104,0.138,1.119,0.586,0.9,33.245,,1.815,155.386,0.035,0.404,0.045,1.119,0.04,0.9,0.329,3.448,,12.234,0.397,0.161,0.228,1.844,5.958,0.067,0.55,10.219
DBT,high,FSR,519,1.2644,DBT 63,,0.154,0.104,0.138,1.028,0.586,0.9,12.654,,1.463,459.823,0.035,0.404,0.045,0.672,0.04,17.479,0.329,3.448,,0.792,0.397,0.161,0.228,1.844,5.958,0.067,34.596,0.185
DBT,high,FSR,523,1.7576,DBT 72,,0.154,0.104,0.138,0.683,0.586,0.9,39.201,,1.65,101.587,0.035,0.404,0.045,0.142,0.04,0.9,0.329,3.448,,8.136,0.397,0.161,0.228,54.904,5.958,0.067,0.55,0.185
DBT,high,FSR,527,1.2424,DBT 83,,0.154,0.523,0.138,0.04,0.586,0.9,7.164,,1.167,217.804,0.035,0.404,0.045,0.071,0.04,0.9,0.329,3.448,,22.537,0.397,0.161,0.228,1.844,5.958,0.067,4.369,0.185
DBT,high,FSR,603,1.1256,DBT 93,,0.154,0.104,0.138,1.555,0.586,0.9,34.826,,2.177,459.666,0.035,0.404,0.045,0.071,0.04,0.9,0.329,3.448,,16.169,0.397,0.161,0.228,1.844,470.638,0.067,0.55,0.185
FP,high,HR,429,1.98,FP 4,0.012254902,0.013,0.379,,0.025,0.1,0.025,,0.012,0.076,0.707,,,0.253,0.013,0.013,0.025,0.025,0.389,0.063,0.149,,0.976,0.443,0.202,0.819,0.148,0.091,1.037
FP,high,HR,502,1.497,FP 14,0.012254902,0.013,0.167,,0.033,0.1,0.025,,0.033,0.134,0.534,,,1.136,0.013,0.013,0.025,0.025,0.389,0.063,0.149,,0.04,0.985,0.202,12.714,0.217,0.268,0.061
FP,high,HR,505,1.49,FP 24,0.012254902,0.013,0.025,,0.067,0.1,0.025,,0.235,0.168,3.658,,,4.295,0.067,0.013,0.025,0.025,0.389,0.063,4.329,,0.04,0.434,3.28,17.752,1.411,0.091,0.061
FP,high,HR,508,1.99,FP 34,0.012254902,0.013,0.327,,0.025,0.1,0.025,,0.151,0.553,1.106,,,2.814,0.05,0.013,0.025,0.025,0.389,0.063,3.291,,0.04,0.434,15.391,34.812,2.543,0.223,0.061
FP,high,HR,511,2,FP 44,0.012254902,0.013,0.25,,0.025,0.1,0.025,,0.012,0.075,0.6,,,0.25,0.013,0.013,0.025,0.025,0.389,0.063,0.7,,0.04,0.434,2.387,8.788,1.741,0.091,0.131
FP,high,HR,514,2.01,FP 54,0.012254902,0.013,0.075,,0.025,0.1,0.05,,0.012,0.05,0.224,,,0.05,0.013,0.013,0.025,0.025,0.389,0.063,0.149,,0.029,0.424,1.185,1.775,1.079,0.047,0.229
FP,high,HR,519,1.49,FP 64,0.012254902,0.013,0.503,,0.034,0.1,0.025,,0.201,0.067,0.47,,,0.067,0.013,0.013,0.025,0.025,0.389,0.063,7.215,,0.029,1.004,0.701,0.938,4.039,0.047,0.785
FP,high,HR,523,2,FP 74,0.012254902,0.013,0.1,,0.025,0.1,0.025,,0.012,0.025,0.025,,,0.025,0.013,0.013,0.025,0.025,0.389,0.063,1.95,,0.609,1.003,2.416,0.938,10.628,2.823,3.19
FP,high,HR,527,2.02,FP 84,0.012254902,0.013,0.025,,0.025,0.1,0.025,,0.012,0.099,0.025,,,0.012,0.013,0.013,0.025,0.025,0.389,0.063,1.262,,0.029,0.311,0.057,7.52,4.81,0.047,1.489
DBT,high,HR,429,1.1453,DBT 4,,0.154,0.104,0.138,1.353,0.586,0.9,0.937,,0.393,48.415,0.035,0.404,0.045,0.393,0.04,0.9,0.329,3.448,,20.475,0.397,0.161,0.228,1.844,5.958,0.067,0.55,0.185
DBT,high,HR,502,1.3909,DBT 14,,0.154,0.104,0.138,0.863,0.586,0.9,13.373,,4.134,48.242,0.288,0.404,0.359,1.797,0.04,0.9,0.329,3.448,,14.415,0.397,0.161,0.228,1.844,5.958,0.067,4.89,7.042
DBT,high,HR,505,1.2918,DBT 24,,0.154,1.239,0.138,0.89,0.586,0.9,12.192,,2.051,150.294,0.035,0.404,7.586,1.084,0.04,0.9,0.329,3.448,,25.623,0.397,0.161,9.996,12.317,5.958,0.067,0.55,0.185
DBT,high,HR,508,1.2393,DBT 34,,0.154,38.167,0.138,0.968,0.586,0.9,61.123,,2.219,94.973,0.035,0.404,2.784,1.049,0.04,0.9,0.329,3.448,,0.792,0.397,0.161,0.228,1.844,5.958,0.067,0.55,0.185
DBT,high,HR,511,1.3345,DBT 44,,0.154,0.104,0.138,0.599,0.586,0.9,0.937,,1.124,42.713,0.035,0.404,0.749,1.087,0.04,0.9,0.329,3.448,,5.17,0.397,0.161,119.104,1.844,5.958,0.067,0.55,0.185
DBT,high,HR,514,1.386,DBT 54,,0.154,0.104,0.138,1.299,0.586,0.9,83.442,,2.597,329.365,0.035,0.404,0.045,0.289,0.04,11.4,0.329,3.448,,0.792,0.397,0.161,0.228,1.844,5.958,0.067,0.55,0.185
DBT,high,HR,519,1.1031,DBT 64,,0.154,0.104,0.138,2.266,0.586,0.9,0.937,,2.13,497.371,0.035,0.404,0.045,0.907,2.856,16.68,0.329,3.448,,24.34,2.856,0.161,0.228,1.844,5.958,0.067,0.55,0.185
DBT,high,HR,523,1.364,DBT 73,,0.154,0.104,0.138,1.173,0.586,0.9,18.695,,2.896,349.084,0.035,0.404,0.045,0.071,0.04,0.9,13.343,3.448,,0.792,0.397,0.161,0.228,1.844,5.958,0.067,0.55,0.185
DBT,high,HR,527,0.9722,DBT 84,,0.154,0.104,0.138,1.234,0.586,0.9,0.937,,2.469,131.043,0.035,1.183,0.045,0.669,0.04,9.823,0.329,3.448,,22.526,0.397,0.161,0.228,1.844,955.586,0.067,0.55,0.185
DBT,high,HR,603,1.1375,DBT 94,,0.308,0.104,0.138,0.791,0.586,0.9,0.937,,0.703,9.934,0.035,0.404,0.045,0.071,0.04,0.9,0.329,3.448,,16.44,0.397,0.161,0.228,1.844,5.958,0.067,0.55,4.644
IHNB,high,HR,428,1,IH NB 87,0.307,,0.304,,0.439,0.273,0.238,,,0.681,14.228,0.242,0.464,0.21,0.176,0.132,,,0.464,0.322,0.835,0.445,0.995,37.731,5.475,144.585,0.837,0.36,2.23
IHNB,high,HR,505,2,IH NB 94,0.06,,0.608,,0.397,0.273,0.238,,,0.327,11.054,0.164,0.464,0.421,0.117,0.066,,,0.464,0.322,0.835,0.445,0.995,20.361,5.475,3.07,0.837,0.36,0.303
IHNB,high,HR,512,3,IH NB 101,0.06,,0.304,,0.547,0.547,0.476,,,0.048,10.273,0.035,1.831,0.21,0.452,0.166,,,0.464,0.322,0.835,0.445,5.172,15.187,29.306,3.07,0.837,2.092,0.303
IHNB,high,HR,520,4,IH NB 108,0.06,,0.304,,0.439,0.273,0.238,,,0.048,18.206,0.035,0.464,0.21,0.122,0.066,,,0.464,0.322,0.835,0.445,0.787,3.849,5.475,16.25,0.837,0.36,1.133
IHL,high,HR,428,1.2673,IH L 59,0.321,,,,0.039,,,,,13.967,9.074,1.381,5.997,,0.631,,,,,0.519,,0.9,0.042,0.123,0.058,1.024,0.137,0.199,1.84
IHL,high,HR,505,0.7703,IH L 66,2.337,,,,0.065,,,,,10.061,23.238,2.077,5.388,,0.974,,,,,1.039,,1.817,0.042,0.123,0.204,1.702,0.137,0.11,0.709
IHL,high,HR,512,0.754,IH L 73,3.647,,,,0.597,,,,,9.748,21.751,1.326,3.117,,1.061,,,,,0.519,,0.9,0.042,0.123,0.451,1.024,0.137,0.11,0.546
IHL,high,HR,520,1.8189,IH L 80,2.227,,,,0.055,,,,,7.807,14.679,1.402,3.464,,1.402,,,,,0.519,,0.9,0.042,0.123,0.058,1.024,0.137,0.217,0.031
IHBB,high,HR,428,2.6,IH BB 3,0.067,,0.089,0.04,0.129,,,1.546,0.184,0.857,5.357,0.193,,0.18,0.015,,,,,,0.615,,0.388,0.355,0.558,0.998,0.302,0.351,0.041
IHBB,high,HR,505,2,IH BB 10,0.279,,5.941,0.04,0.13,,,11.192,0.184,2.235,2.533,0.186,,3.278,0.149,,,,,,1.229,,1.539,0.355,0.558,19.949,54.041,0.124,0.041
IHBB,high,HR,512,1.9,IH BB 17,0.067,,9.485,0.04,0.162,,,4.454,0.184,2.585,1.985,0.115,,1.962,0.092,,,,,,2.238,,0.104,0.355,8.369,52.396,3.144,0.124,0.041
IHBB,high,HR,520,3,IH BB 24,0.067,,3.523,0.04,0.087,,,6.873,0.184,1.74,13.572,0.196,,0.652,0.087,,,,,,21.337,,1.302,2.834,1.331,5.981,4.126,2.218,0.041
IHH,high,HR,428,5.1,IH H 31,,,0.016,,0.112,,,,,0.037,3.316,0.028,,0.023,0.008,,,,,,0.41,,0.082,0.171,0.047,0.373,0.14,0.061,0.061
IHH,high,HR,505,4.98,IH H 38,,,0.317,,0.138,,,,,0.041,1.692,0.033,,0.122,0.008,,,,,,0.93,,0.082,0.171,0.344,0.373,0.167,0.089,0.046
IHH,high,HR,512,5.25,IH H 45,,,0.919,,0.095,,,,,0.009,2.037,0.005,,0.023,0.008,,,,,,2.529,,0.082,0.171,0.19,0.566,0.09,0.054,0.024
IHH,high,HR,520,5.16,IH H 52,,,0.207,,0.164,,,,,0.069,6.252,0.017,,0.023,0.008,,,,,,2.875,,0.082,0.171,0.312,0.373,0.109,0.027,0.034
FP,low,IB,429,1.9956,FP 5,0.012254902,0.013,0.2,,0.05,0.1,0.025,,0.012,0.075,0.676,,,0.012,0.013,0.05,0.025,0.025,0.389,0.063,2.155,,0.04,0.434,2.641,3.747,3.611,0.484,0.061
FP,low,IB,502,1.499,FP 15,0.03335557,0.013,0.025,,0.012,0.1,0.025,,0.012,0.067,1.901,,,0.012,0.033,0.013,0.025,0.025,0.389,0.063,2.769,,0.286,0.593,1.547,5.086,2.259,0.559,0.694
FP,low,IB,505,1.5,FP 25,0.133333333,0.013,0.4,,0.033,0.1,0.025,,0.4,0.2,4.067,,,0.012,0.067,0.013,0.025,0.025,0.389,0.063,5.233,,0.04,0.434,3.213,10.927,0.797,0.091,0.143
FP,low,IB,508,2,FP 35,0.012254902,0.013,0.025,,0.025,0.1,0.025,,0.012,0.075,0.6,,,0.075,0.013,0.013,0.025,0.025,0.389,0.063,0.149,,0.04,0.787,6.737,7.984,3.378,0.753,0.742
FP,low,IB,511,2.04,FP 45,0.012254902,0.025,0.539,,0.025,0.1,0.025,,0.098,0.441,0.956,,,0.098,0.013,0.013,0.025,0.025,0.389,0.063,1.005,,0.04,0.434,2.463,9.038,1.618,0.091,0.251
FP,low,IB,514,2,FP 55,0.012254902,0.013,0.15,,0.025,0.1,0.025,,0.012,0.05,0.575,,,0.012,0.013,0.013,0.025,0.025,0.389,0.063,0.675,,0.029,0.45,14.373,1.371,0.505,0.069,0.248
FP,low,IB,519,1.49,FP 65,0.012254902,0.013,0.268,,0.034,0.1,0.025,,0.101,0.034,0.302,,,0.034,0.013,0.013,0.025,0.025,0.389,0.063,0.973,,0.029,0.254,1.822,0.938,1.42,0.047,0.385
FP,low,IB,523,2.01,FP 75,0.012254902,0.013,0.025,,0.025,0.1,0.025,,0.012,0.075,0.05,,,0.012,0.013,0.013,0.025,0.025,0.389,0.063,3.905,,0.08,0.061,0.455,0.938,0.834,0.114,0.072
FP,low,IB,527,2,FP 85,0.012254902,0.013,0.025,,0.025,0.1,0.025,,0.012,0.05,0.725,,,0.012,0.025,0.013,0.025,0.025,0.389,0.063,2.725,,0.029,0.745,0.92,0.938,4,0.047,1.332
DBT,low,IB,429,1.3037,DBT 5,,0.154,0.104,0.138,1.074,0.586,0.9,0.937,,0.767,17.028,0.035,0.404,0.045,0.071,0.04,0.9,0.329,3.448,,10.202,0.397,0.161,0.228,1.844,221.644,0.067,0.55,0.185
DBT,low,IB,502,1.2898,DBT 15,,0.154,0.104,0.138,0.814,0.586,0.9,0.937,,0.892,21.554,0.035,0.404,0.045,0.426,0.04,0.9,0.329,3.448,,5.04,0.397,0.161,0.228,8.074,39.641,0.067,3.192,0.185
DBT,low,IB,505,1.1965,DBT 25,,0.376,1003.385,0.138,1.421,0.586,0.9,10.823,,4.137,116.089,0.035,0.404,0.045,1.797,0.04,0.9,0.329,3.448,,15.921,0.397,0.161,0.228,1.844,5.958,0.067,0.55,4.46
DBT,low,IB,508,1.2103,DBT 35,,0.154,0.104,0.138,1.818,0.586,0.9,0.937,,2.644,53.912,0.035,0.404,0.045,1.074,0.04,0.9,0.329,3.448,,8.015,0.397,0.161,0.228,54.062,5.958,0.067,0.55,8.214
DBT,low,IB,511,1.4359,DBT 45,,0.154,0.731,0.138,1.323,0.586,0.9,86.601,,2.472,31.827,0.035,0.404,0.418,0.453,0.04,0.9,0.329,3.448,,9.82,0.397,0.161,0.228,1.844,5.958,0.067,0.55,0.185
DBT,low,IB,514,1.3265,DBT 55,,0.154,0.104,0.138,1.432,0.586,0.9,25.782,,7.576,522.767,0.035,0.404,0.045,0.071,0.04,0.9,0.329,3.448,,0.792,0.397,0.161,0.228,1.844,5.958,0.067,0.55,20.816
DBT,low,IB,519,1.0731,DBT 65,,0.154,0.104,0.138,1.072,0.586,0.9,0.937,,1.211,203.243,0.035,0.404,0.045,0.559,0.04,0.9,0.329,3.448,,0.792,0.397,0.161,0.228,1.844,169.434,0.067,0.55,24.732
DBT,low,IB,523,1.4455,DBT 74,,0.154,0.104,0.138,0.865,0.586,0.9,15.254,,1.418,1.472,0.035,0.404,0.045,0.311,0.04,0.9,0.329,3.448,,0.792,0.397,0.161,0.228,1.844,781.862,0.067,0.55,4.193
DBT,low,IB,527,1.2093,DBT 85,,0.154,0.104,0.138,1.654,0.586,0.9,0.937,,1.737,29.893,0.035,0.404,0.045,0.579,0.04,0.9,0.329,3.448,,8.021,0.397,51.547,0.228,1.844,5.958,0.067,11.048,0.185
DBT,low,IB,603,1.2143,DBT 95,,0.535,0.371,0.138,0.576,0.586,0.9,27.464,,1.565,9.553,0.035,0.404,0.045,0.329,0.04,2.224,0.329,3.448,,0.792,0.397,0.161,0.228,1.844,5.958,0.067,0.55,0.185
IHNB,low,IB,428,1,IH NB 88,0.252,,0.304,,0.412,0.273,0.238,,,0.572,10.868,0.229,0.464,0.21,0.275,0.066,,,0.464,0.322,1.67,0.445,0.161,0.228,1.844,5.958,0.067,0.55,0.185
IHNB,low,IB,507,2,IH NB 95,0.382,,0.304,,0.584,0.273,0.238,,,1.976,21.536,0.135,0.464,0.21,0.225,0.066,,,0.464,0.322,0.835,0.445,0.161,0.228,1.844,5.958,0.067,0.55,0.185
IHNB,low,IB,512,3,IH NB 102,0.06,,0.304,,0.46,0.273,0.238,,,0.097,3.344,0.035,0.464,0.21,0.037,0.066,,,0.464,0.322,0.835,0.445,0.995,4.795,7.62,3.07,0.837,0.36,0.978
IHNB,low,IB,520,4,IH NB 109,0.06,,0.304,,0.425,0.273,0.238,,,0.048,10.994,0.035,0.464,0.21,0.134,0.066,,,0.464,0.322,0.835,0.445,0.161,0.228,1.844,31.348,0.067,0.55,0.653
IHL,low,IB,428,1.2628,IH L 60,0.321,,,,0.238,,,,,16.036,19.322,2.138,1.901,,1.029,,,,,0.519,,0.9,0.327,0.123,0.058,1.024,0.137,0.11,0.031
IHL,low,IB,507,1.4438,IH L 67,2.216,,,,0.139,,,,,8.208,13.679,0.177,3.636,,0.346,,,,,0.519,,0.9,0.042,0.123,0.058,1.024,0.137,0.82,0.288
IHL,low,IB,512,1.7276,IH L 74,2.402,,,,0.018,,,,,9.261,14.558,2.055,2.865,,1.129,,,,,0.519,,0.9,0.042,0.123,0.058,1.024,0.137,1.061,0.191
IHL,low,IB,520,1.3024,IH L 81,0.321,,,,0.384,,,,,10.097,12.055,1.958,0.518,,0.537,,,,,0.519,,0.9,0.277,0.123,0.058,1.024,0.137,0.11,0.031
IHBB,low,IB,428,2.2,IH BB 4,0.067,,0.089,0.04,0.106,,,1.546,0.184,0.088,2.051,0.071,,0.18,0.053,,,,,,0.615,,0.104,0.355,0.558,0.998,2.63,0.124,0.041
IHBB,low,IB,507,1.7,IH BB 11,0.067,,0.089,0.04,0.141,,,1.546,0.184,0.026,2.32,0.02,,0.18,0.047,,,,,,0.615,,0.104,0.355,6.695,29.639,2.047,1.828,0.041
IHBB,low,IB,512,1.6,IH BB 18,0.067,,0.178,0.04,0.217,,,1.546,0.184,0.079,3.317,0.039,,0.18,0.015,,,,,,0.615,,0.104,0.355,0.558,8.53,1.15,0.124,0.041
IHBB,low,IB,520,3,IH BB 25,0.067,,0.089,0.04,0.12,,,1.546,0.184,0.026,1.74,0.02,,0.18,0.03,,,,,,0.615,,0.104,2.324,0.558,11.6,2.886,0.399,0.041
IHH,low,IB,428,5.19,IH H 32,,,0.016,,0.094,,,,,0.004,1.503,0.022,,0.023,0.008,,,,,,0.41,,0.082,0.171,0.028,0.373,0.313,0.063,0.031
IHH,low,IB,507,5.3,IH H 39,,,0.016,,0.094,,,,,0.004,1.554,0.005,,0.023,0.008,,,,,,1.64,,0.082,0.171,0.137,0.373,0.249,0.084,0.042
IHH,low,IB,512,5.17,IH H 46,,,0.059,,0.073,,,,,0.082,2.177,0.009,,0.023,0.023,,,,,,0.41,,0.082,0.171,0.028,0.373,0.153,0.046,0.033
IHH,low,IB,520,5.11,IH H 53,,,0.127,,0.1,,,,,0.004,1.556,0.005,,0.023,0.008,,,,,,1.064,,0.082,0.171,0.072,0.373,0.159,0.027,0.029
FP,low,MB,430,0.97,FP 6,0.012254902,0.013,0.025,,0.103,0.1,0.025,,0.052,0.103,1.546,,,0.052,0.013,0.013,0.025,0.025,0.389,0.063,0.149,,0.04,0.434,0.202,0.618,0.148,0.438,0.822
FP,low,MB,502,1.499,FP 16,0.012254902,0.013,0.025,,0.033,0.1,0.025,,0.012,0.067,1.234,,,0.012,0.013,0.013,0.025,0.025,0.389,0.063,0.149,,0.04,0.434,3.673,18.058,4.076,0.091,0.662
FP,low,MB,505,1.49,FP 26,0.012254902,0.013,0.268,,0.034,0.1,0.025,,0.302,0.101,3.456,,,0.012,0.013,0.013,0.025,0.025,0.389,0.063,2.718,,0.04,0.434,3.029,9.855,1.793,0.747,0.494
FP,low,MB,508,1.98,FP 36,0.012254902,0.013,0.025,,0.025,0.1,0.025,,0.012,0.076,0.278,,,0.012,0.013,0.013,0.025,0.025,0.389,0.063,0.149,,0.04,0.434,5.253,3.875,1.601,0.301,0.506
FP,low,MB,511,2,FP 46,0.012254902,0.013,0.025,,0.012,0.1,0.025,,0.012,0.075,0.325,,,0.012,0.013,0.013,0.025,0.025,0.389,0.063,0.149,,0.04,0.434,1.673,1.772,1.889,0.239,0.411
FP,low,MB,514,1.99,FP 56,0.012254902,0.013,0.302,,0.025,0.1,0.025,,0.012,0.101,0.578,,,0.025,0.013,0.251,0.176,0.05,0.779,0.126,1.005,,0.029,0.061,3.221,5.3,3.03,0.047,0.28
FP,low,MB,519,1.5,FP 66,0.012254902,0.013,0.4,,0.033,0.1,0.133,,0.367,0.133,5.3,,,0.012,0.013,0.013,0.025,0.025,0.389,0.063,4.3,,0.029,0.061,0.368,0.938,0.562,0.277,0.145
FP,low,MB,523,2,FP 76,0.012254902,0.013,0.025,,0.025,0.1,0.025,,0.012,0.05,0.025,,,0.012,0.013,0.013,0.025,0.025,0.389,0.063,2.4,,0.33,0.061,0.057,7.236,2.705,0.493,0.897
FP,low,MB,527,2,FP 86,0.012254902,0.013,0.725,,0.025,0.1,0.025,,0.012,0.025,0.225,,,0.012,0.013,1.075,0.55,0.25,2.675,0.275,2.175,,0.029,0.424,1.324,7.6,5.375,0.047,0.891
DBT,low,MB,430,1.4195,DBT 9,,0.154,0.104,0.138,0.775,0.586,0.9,13.455,,1.691,10.849,0.035,0.404,0.045,0.458,0.04,0.9,0.329,3.448,,29.271,0.397,0.161,0.228,1.844,5.958,0.067,0.55,0.185
DBT,low,MB,502,1.5524,DBT 16,,0.154,0.104,0.138,0.709,0.586,0.9,21.161,,2.448,21.064,0.129,0.404,0.045,0.644,0.04,9.952,0.329,3.448,,23.125,0.397,0.161,0.228,1.844,5.958,0.067,0.55,9.582
DBT,low,MB,505,1.5741,DBT 26,,0.154,0.104,0.138,0.826,0.586,0.9,1.874,,1.239,110.476,0.035,0.404,0.045,1.016,1.493,0.9,0.329,3.448,,5.336,0.794,0.161,0.228,1.844,5.958,0.067,0.55,4.116
DBT,low,MB,508,1.4199,DBT 36,,0.154,0.104,0.138,1.655,0.586,0.9,56.87,,3.24,22.642,0.035,0.404,0.045,0.599,0.04,0.9,0.329,3.448,,17.889,0.397,12.613,0.228,1.844,5.958,0.067,0.55,0.185
DBT,low,MB,511,1.4399,DBT 46,,0.154,0.104,0.138,2.014,0.586,0.9,6.875,,3.16,61.845,0.035,0.404,0.045,1.771,0.04,0.9,0.329,3.448,,7.327,0.397,0.161,0.228,1.844,5.958,0.067,0.55,0.185
DBT,low,MB,514,1.5045,DBT 56,,0.154,0.104,0.138,1.063,0.586,0.9,19.143,,0.931,181.19,0.035,0.404,0.045,0.071,0.04,0.9,0.329,3.448,,8.873,0.397,21.418,0.228,1.844,5.958,0.067,0.55,0.185
DBT,low,MB,519,1.2715,DBT 66,,0.154,2.595,0.138,0.983,0.586,0.9,20.999,,2.281,361.384,0.035,0.404,0.045,0.826,0.04,0.9,0.329,3.448,,0.792,0.397,95.641,0.228,1.844,5.958,0.067,0.55,0.185
DBT,low,MB,523,1.4458,DBT 75,,0.899,0.104,0.138,0.83,0.586,0.9,50.871,,1.729,189.653,0.035,0.404,0.045,0.865,0.04,0.9,0.329,3.448,,0.792,0.397,0.161,0.228,1.844,5.958,0.067,0.55,0.185
DBT,low,MB,527,1.6427,DBT 86,,0.154,0.104,0.138,0.639,0.586,0.9,2.922,,1.187,1.472,0.035,0.404,0.045,0.335,0.04,0.9,0.329,3.448,,11.84,0.397,0.161,443.488,269.831,5.958,0.067,305.007,0.185
DBT,low,MB,603,1.3734,DBT 96,,0.801,0.104,0.138,1.456,0.586,0.9,19.623,,2.403,109.509,0.035,0.404,0.045,1.092,7.427,0.9,0.329,23.955,,41.539,4.005,0.161,0.228,1.844,5.958,0.067,0.55,0.185
FP,high,MO,429,2.01,FP 7,0.012254902,0.013,0.199,,0.025,0.1,0.025,,0.012,0.149,1.194,,,0.012,0.05,0.075,0.025,0.025,0.389,0.063,1.343,,0.04,0.434,1.254,3.897,0.148,0.687,0.605
FP,high,MO,502,1.497,FP 17,0.012254902,0.013,0.025,,0.012,0.1,0.025,,0.267,0.234,1.703,,,0.067,0.067,0.013,0.025,0.025,0.389,0.063,4.643,,0.04,0.434,2.716,8.959,1.177,0.253,0.183
FP,high,MO,505,1.5,FP 27,0.012254902,0.013,0.025,,0.067,0.1,0.025,,0.5,0.133,4.133,,,0.012,0.067,0.013,0.025,0.025,0.389,0.063,2.533,,0.04,0.434,1.872,23.514,4.326,0.26,0.137
FP,high,MO,508,2,FP 37,0.012254902,0.013,0.025,,0.05,0.1,0.025,,0.125,0.05,0.725,,,0.012,0.013,0.05,0.025,0.025,0.389,0.063,1,,0.04,0.434,3.226,9.407,5.729,0.164,0.469
FP,high,MO,511,2,FP 47,0.012254902,0.013,0.65,,0.025,0.1,0.025,,0.15,0.05,0.925,,,0.1,0.013,0.013,0.025,0.025,0.389,0.063,1.05,,0.04,0.434,1.44,3.349,1.212,0.164,0.246
FP,high,MO,514,2,FP 57,0.012254902,0.013,0.25,,0.025,0.1,0.025,,0.012,0.05,0.7,,,0.025,0.013,0.013,0.025,0.025,0.389,0.063,0.149,,0.029,0.061,2.81,2.395,6.713,0.047,1.751
FP,high,MO,519,1.49,FP 67,0.012254902,0.013,0.025,,0.034,0.1,0.025,,0.134,0.101,2.013,,,0.012,0.013,0.013,0.025,0.025,0.389,0.063,4.396,,0.029,0.061,0.057,1.701,3.095,0.047,0.359
FP,high,MO,523,1.99,FP 77,0.012254902,0.013,0.025,,0.025,0.1,0.025,,0.012,0.025,0.025,,,0.012,0.013,0.013,0.025,0.025,0.389,0.063,1.357,,0.029,0.559,0.057,2.157,4.399,1.04,1.889
FP,high,MO,527,2,FP 87,0.012254902,0.013,0.025,,0.025,0.1,0.025,,0.012,0.05,0.525,,,0.012,0.013,0.013,0.025,0.025,0.389,0.063,2.525,,0.029,0.061,0.057,0.938,3.865,0.11,1.189
DBT,high,MO,429,1.4129,DBT 6,,1.486,0.104,0.991,0.92,0.586,0.9,35.317,,2.937,144.207,0.177,0.404,0.045,1.026,0.04,0.9,0.329,3.448,,19.924,0.397,0.161,0.228,1.844,5.958,70.95,7.776,1.838
DBT,high,MO,502,1.3715,DBT 17,,0.474,0.104,0.138,0.838,0.586,0.9,0.937,,1.713,113.161,0.035,0.404,0.045,0.474,0.04,0.9,0.329,3.448,,52.607,0.397,33.318,0.228,26.296,5.958,0.067,10.567,6.951
DBT,high,MO,505,1.4358,DBT 27,,0.154,0.104,0.138,0.94,0.586,0.9,0.937,,1.428,118.053,0.07,0.404,0.045,0.313,0.04,0.9,0.329,3.448,,11.074,0.397,25.799,0.228,1.844,5.958,0.067,0.55,14.697
DBT,high,MO,508,1.1261,DBT 37,,3.419,0.104,0.138,1.376,0.586,0.9,100.124,,2.664,55.679,0.035,0.404,0.045,0.577,0.04,0.9,0.329,3.448,,15.585,0.397,0.161,0.228,1.844,5.958,0.067,13.901,6.404
DBT,high,MO,511,1.2422,DBT 47,,0.154,0.104,0.138,1.328,0.586,0.9,63.396,,1.369,50.757,0.035,0.404,0.121,0.071,0.04,0.9,0.329,3.448,,5.836,0.397,0.161,0.228,1.844,5.958,0.067,27.794,0.185
DBT,high,MO,514,1.4164,DBT 57,,0.154,0.104,0.138,1.271,0.586,0.9,8.719,,1.871,216.5,0.035,0.404,0.045,0.459,0.04,0.9,0.329,3.448,,10.626,0.397,0.161,0.228,1.844,5.958,0.067,0.55,0.185
DBT,high,MO,519,1.5644,DBT 67,,1.151,0.104,0.138,1.055,0.586,0.9,9.652,,3.676,90.61,0.035,0.404,0.045,0.543,0.04,0.9,0.329,3.448,,13.008,0.397,0.161,0.228,8.416,5.958,0.067,0.55,0.185
DBT,high,MO,523,1.1081,DBT 76,,0.154,0.104,0.138,0.541,0.586,0.9,0.937,,0.902,144.121,0.035,0.404,0.045,0.071,0.04,0.9,0.329,3.448,,0.792,0.397,0.161,0.228,1.844,5.958,0.067,0.55,0.185
DBT,high,MO,527,1.1293,DBT 87,,0.154,0.104,0.138,0.974,0.586,0.9,0.937,,0.093,95.679,0.035,0.404,0.045,0.071,0.04,0.9,0.329,3.448,,47.817,0.397,0.161,0.228,14.009,5.958,0.067,7.035,5.228
DBT,high,MO,603,1.2644,DBT 97,,0.154,0.104,0.138,0.91,0.586,0.9,11.666,,1.74,9.807,0.035,1.7,0.045,0.395,0.04,0.9,0.329,3.448,,26.613,0.397,0.161,0.228,1.844,1449.19,0.067,69.507,4.258
IHNB,high,MO,430,1,IH NB 89,0.06,,0.304,,0.394,0.273,0.238,,,0.139,15.306,0.07,0.928,0.21,0.116,0.066,,,0.464,0.322,0.835,0.445,0.995,3.849,5.475,3.07,0.837,0.36,1.869
IHNB,high,MO,505,2,IH NB 96,0.416,,0.304,,0.49,0.273,0.238,,,2.866,10.166,0.147,0.464,0.21,0.269,0.066,,,0.464,0.322,0.835,0.445,2.841,3.849,5.475,3.07,0.837,1.475,4.429
IHNB,high,MO,513,3,IH NB 103,0.06,,0.304,,0.362,0.273,0.238,,,0.048,6.23,0.035,0.464,0.21,0.136,0.066,,,0.464,0.322,0.835,0.445,0.995,12.899,5.475,3.07,0.837,0.36,0.303
IHNB,high,MO,522,4,IH NB 110,0.06,,0.304,,0.392,0.273,0.238,,,0.048,9.641,0.087,0.464,0.21,0.037,0.066,,,0.464,0.322,0.835,0.445,0.995,3.849,5.475,3.07,0.837,0.36,0.303
IHL,high,MO,430,0.5644,IH L 61,0.321,,,,0.018,,,,,3.544,0.62,0.177,9.391,,0.532,,,,,0.519,,0.9,0.042,0.123,0.058,1.024,0.137,1.781,1.457
IHL,high,MO,505,0.6143,IH L 68,0.321,,,,0.081,,,,,7.651,13.511,2.523,11.395,,0.128,,,,,0.519,,0.9,0.042,0.123,0.058,1.024,0.137,0.306,0.442
IHL,high,MO,513,1.2245,IH L 75,2.368,,,,0.041,,,,,14.373,14.782,1.919,0.518,,1.021,,,,,0.519,,0.9,0.561,0.123,0.058,1.024,0.137,1.154,0.463
IHL,high,MO,522,1.4336,IH L 82,0.321,,,,0.279,,,,,17.334,17.369,3.278,4.639,,1.29,,,,,0.519,,0.9,0.042,0.123,0.058,1.024,0.137,0.159,0.031
IHBB,high,MO,430,3,IH BB 5,0.067,,0.089,0.04,0.157,,,7.075,0.184,2.261,6.381,0.02,,0.18,0.015,,,,,,6.313,,0.104,0.355,0.558,13.536,0.753,0.124,0.041
IHBB,high,MO,505,3.1,IH BB 12,0.067,,0.089,0.04,0.145,,,1.546,0.184,0.026,0.461,0.02,,0.18,0.015,,,,,,0.615,,0.104,0.355,4.34,10.003,3.501,0.124,0.041
IHBB,high,MO,513,2,IH BB 19,0.067,,1.812,0.04,0.153,,,1.546,0.184,0.633,2.597,0.218,,0.18,0.065,,,,,,0.615,,0.104,0.355,5.899,11.764,5.375,0.124,0.041
IHBB,high,MO,522,3,IH BB 26,0.067,,1.561,0.04,0.115,,,1.546,0.367,0.689,4.454,0.253,,0.18,0.015,,,,,,5.028,,0.104,0.355,1.318,3.587,1.746,0.41,0.143
IHH,high,MO,430,4.99,IH H 33,,,0.016,,0.133,,,,,0.019,2.408,0.01,,0.023,0.008,,,,,,2.127,,0.082,0.171,0.028,0.373,0.205,0.048,0.065
IHH,high,MO,505,5.17,IH H 40,,,0.016,,0.109,,,,,0.004,2.27,0.022,,0.023,0.008,,,,,,0.82,,0.082,0.171,0.112,0.373,0.092,0.035,0.051
IHH,high,MO,513,5.04,IH H 47,,,0.016,,0.071,,,,,0.024,4.244,0.018,,0.023,0.008,,,,,,5.055,,0.082,0.171,0.028,0.373,0.224,0.027,0.037
IHH,high,MO,522,5.16,IH H 54,,,0.016,,0.103,,,,,0.037,3.748,0.022,,0.023,0.008,,,,,,5.564,,0.082,0.171,0.074,0.373,0.136,0.027,0.02
FP,low,SC,429,1.998,FP 8,0.012254902,0.013,0.025,,0.025,0.1,0.025,,0.012,0.1,1.401,,,0.025,0.025,0.013,0.025,0.025,0.389,0.063,0.149,,0.04,0.434,0.202,0.618,3.066,0.091,1.018
FP,low,SC,502,1.491,FP 18,0.012254902,0.013,0.025,,0.067,0.1,0.025,,0.012,0.101,1.274,,,0.012,0.013,0.013,0.025,0.025,0.389,0.063,0.149,,0.04,0.434,0.202,50.276,10.022,0.804,0.73
FP,low,SC,505,1.5,FP 28,0.012254902,0.013,0.025,,0.033,0.1,0.025,,0.1,0.067,2.033,,,0.067,0.013,0.013,0.025,0.025,0.389,0.063,0.467,,0.04,0.434,5.226,10.326,2.124,0.091,0.694
FP,low,SC,508,2,FP 38,0.012254902,0.013,0.275,,0.025,0.1,0.025,,0.012,0.1,0.75,,,2.75,0.013,0.013,0.025,0.025,0.389,0.063,0.149,,0.04,0.434,2.191,4.089,2.107,0.091,0.613
FP,low,SC,511,2.02,FP 48,0.012254902,0.013,0.347,,0.025,0.1,0.025,,0.347,0.05,0.693,,,0.099,0.013,0.013,0.025,0.025,0.389,0.063,1.559,,0.04,0.434,5.983,5.194,4.193,0.091,0.061
FP,low,SC,514,1.99,FP 58,0.012254902,0.013,0.025,,0.025,0.1,0.025,,0.012,0.075,0.477,,,0.05,0.013,0.013,0.025,0.025,0.389,0.063,0.553,,0.029,0.061,0.057,0.938,1.243,0.047,0.168
FP,low,SC,519,1.5,FP 68,0.012254902,0.013,0.567,,0.033,0.1,0.025,,2.6,0.133,5.333,,,0.033,0.067,0.013,0.025,0.025,0.389,0.063,29.533,,0.116,0.645,1.661,0.938,3.52,0.047,0.467
FP,low,SC,523,2,FP 78,0.012254902,0.013,0.025,,0.05,0.1,0.025,,0.012,0.025,0.05,,,0.012,0.013,0.013,0.025,0.025,0.389,0.063,0.65,,7.888,0.784,13.305,4.115,25.38,6.141,6.393
FP,low,SC,527,2.01,FP 88,0.012254902,0.013,0.025,,0.025,0.1,0.025,,0.012,0.05,0.025,,,0.012,0.013,0.013,0.025,0.025,0.389,0.063,0.149,,1.13,0.061,0.057,0.938,6.915,0.047,1.674
DBT,low,SC,429,1.3415,DBT 7,,0.154,0.104,0.138,1.044,0.586,0.9,0.937,,0.186,35.52,0.035,0.404,0.045,0.335,0.373,0.9,0.329,3.448,,19.568,0.397,0.161,0.228,1.844,5.958,0.067,0.55,0.185
DBT,low,SC,502,1.274,DBT 18,,0.154,0.104,0.138,0.981,0.586,0.9,0.937,,0.353,17.543,0.035,0.404,0.045,0.314,0.04,0.9,0.329,3.448,,8.124,0.397,0.161,0.228,1.844,5.958,0.067,0.55,1.148
DBT,low,SC,505,1.3815,DBT 28,,0.154,0.104,0.138,1.05,0.586,0.9,0.937,,0.905,79.334,0.035,0.404,0.045,0.471,0.04,0.9,0.329,3.448,,20.195,0.397,0.161,0.228,24.374,5.958,0.067,0.55,2.781
DBT,low,SC,508,1.1462,DBT 38,,0.154,0.104,0.138,2.225,0.586,0.9,23.6,,5.147,115.381,0.035,0.404,0.045,2.923,0.04,0.9,0.329,3.448,,16.14,0.397,0.161,0.228,1.844,5.958,0.067,0.55,0.185
DBT,low,SC,511,1.6209,DBT 48,,0.154,0.104,0.138,0.833,0.586,0.9,22.025,,1.049,38.991,0.035,0.404,0.045,0.216,0.04,0.9,0.329,3.448,,10.704,0.397,0.161,0.228,1.844,5.958,0.067,16.547,0.185
DBT,low,SC,514,1.4757,DBT 58,,0.678,0.104,0.138,0.915,0.586,0.9,36.627,,1.626,350.546,0.035,0.404,0.045,0.305,0.04,0.9,0.329,3.448,,0.792,0.397,0.161,0.228,1.844,5.958,0.067,0.55,0.185
DBT,low,SC,519,1.2933,DBT 68,,0.154,0.104,0.138,0.696,0.586,0.9,0.937,,1.546,59.267,0.035,0.404,0.045,0.071,0.04,0.9,0.329,3.448,,18.325,0.397,14.605,18.129,1.844,5.958,0.067,0.55,2.153
DBT,low,SC,523,1.4441,DBT 77,,0.154,0.104,0.277,0.45,0.586,0.9,6.682,,0.093,37.394,0.035,0.404,0.045,0.071,0.04,0.9,0.658,3.448,,41.306,0.397,0.161,0.228,1.844,201.678,0.067,0.55,0.185
DBT,low,SC,527,1.3708,DBT 88,,0.154,0.104,0.138,0.365,0.586,0.9,0.937,,1.058,12.657,0.035,0.404,0.045,0.438,0.04,4.705,0.329,3.448,,0.792,0.397,49.159,0.228,1.844,205.137,0.067,0.55,0.185
DBT,low,SC,603,1.4864,DBT 98,,0.154,0.104,0.138,0.572,0.586,0.9,55.436,,1.177,1.472,0.035,0.807,0.045,0.774,0.04,0.9,0.329,3.448,,36.397,0.397,0.161,0.228,1.844,5.958,0.067,0.55,23.871
IHNB,low,SC,429,1,IH NB 90,0.06,,0.304,,0.464,0.273,0.238,,,0.048,14.055,0.035,0.464,0.21,0.073,0.066,,,0.464,0.322,0.835,0.445,0.995,3.778,5.475,42.328,0.837,0.36,0.303
IHNB,low,SC,506,2,IH NB 97,0.06,,0.304,,0.378,0.273,0.238,,,0.156,11.052,0.133,0.464,1.401,0.133,0.066,,,0.464,0.322,0.835,0.445,0.995,3.849,5.475,3.07,0.837,0.36,0.303
IHNB,low,SC,513,3,IH NB 104,0.06,,0.304,,0.254,0.273,0.238,,,0.048,3.54,0.035,0.464,0.21,0.085,0.066,,,0.464,0.322,0.835,0.445,0.995,8.112,5.475,3.07,0.837,0.36,1.069
IHNB,low,SC,521,4,IH NB 111,0.121,,0.304,,0.532,0.273,0.238,,,0.121,16.418,0.218,0.464,0.21,0.193,0.066,,,0.464,0.322,0.835,0.445,0.995,19.847,5.475,3.07,0.837,0.36,0.303
IHL,low,SC,429,1.0408,IH L 62,3.219,,,,0.144,,,,,8.887,10.809,1.922,0.518,,0.384,,,,,0.519,,0.9,0.042,0.123,0.058,1.024,0.137,1.356,0.745
IHL,low,SC,505,1.8816,IH L 69,0.321,,,,0.159,,,,,7.919,11.772,1.302,4.73,,0.638,,,,,0.519,,0.9,0.042,0.123,0.058,1.024,0.137,2.679,0.206
IHL,low,SC,513,1.247,IH L 76,1.804,,,,0.241,,,,,8.5,8.019,1.123,0.518,,0.802,,,,,0.519,,0.9,0.042,0.123,0.058,1.024,0.137,1.286,2.244
IHL,low,SC,521,1.4037,IH L 83,0.641,,,,0.036,,,,,10.259,12.253,1.639,0.518,,0.784,,,,,0.519,,0.9,0.042,0.123,0.058,1.024,0.137,0.11,0.031
IHBB,low,SC,429,2,IH BB 6,0.169,,0.089,0.04,0.118,,,6.312,0.184,1.303,16.365,0.118,,0.18,0.015,,,,,,2.335,,0.104,0.355,1.66,1.739,0.97,0.124,0.784
IHBB,low,SC,506,2,IH BB 13,0.067,,0.089,0.04,0.092,,,1.546,0.184,0.026,2.406,0.02,,0.18,0.015,,,,,,0.615,,0.104,0.355,2.03,8.158,2.098,0.931,0.041
IHBB,low,SC,513,2.5,IH BB 20,0.243,,0.574,0.04,0.155,,,1.546,0.184,0.199,2.252,0.199,,0.18,0.015,,,,,,0.615,,0.104,0.355,0.558,10.206,4.171,0.124,0.041
IHBB,low,SC,521,2.3,IH BB 27,0.067,,0.089,0.04,0.053,,,1.546,0.184,0.026,2.811,0.02,,0.18,0.015,,,,,,0.615,,0.104,0.355,1.028,5.481,1.885,0.769,0.041
IHH,low,SC,429,5.04,IH H 34,,,0.016,,0.104,,,,,0.004,1.583,0.019,,0.023,0.008,,,,,,0.41,,0.082,0.171,0.031,0.373,0.111,0.045,0.024
IHH,low,SC,506,5.16,IH H 41,,,0.016,,0.125,,,,,0.004,2.452,0.036,,0.023,0.008,,,,,,1.436,,0.082,0.171,0.042,0.373,0.147,0.066,0.05
IHH,low,SC,513,5.1,IH H 48,,,0.551,,0.084,,,,,0.004,2.011,0.005,,0.046,0.015,,,,,,1.609,,0.082,0.171,0.12,0.373,0.147,0.027,0.042
IHH,low,SC,521,5.04,IH H 55,,,0.343,,0.171,,,,,0.076,3.571,0.005,,0.023,0.008,,,,,,25.994,,0.082,0.171,0.102,0.373,0.114,0.027,0.024
FP,high,TV,429,1.996,FP 9,0.012254902,0.013,0.175,,0.025,0.1,0.025,,0.2,0.2,1.052,,,0.1,0.025,0.05,0.025,0.025,0.389,0.063,1.102,,0.04,0.825,2.806,1.761,0.148,0.091,0.061
FP,high,TV,502,1.504,FP 19,0.012254902,0.013,0.299,,0.066,0.1,0.025,,2.227,0.1,2.36,,,0.1,0.013,0.013,0.025,0.025,0.389,0.063,2.826,,0.04,0.434,1.672,15.342,2.083,0.314,0.341
FP,high,TV,505,1.5,FP 29,0.012254902,0.013,0.367,,0.133,0.1,0.025,,3.367,0.2,3.967,,,0.012,0.067,0.013,0.025,0.025,0.389,0.063,6.267,,0.04,1.057,16.692,37.944,0.879,0.186,0.137
FP,high,TV,508,1.99,FP 39,0.012254902,0.013,0.025,,0.025,0.1,0.025,,0.012,0.05,0.477,,,0.075,0.013,0.013,0.025,0.025,0.389,0.063,0.427,,0.062,0.434,2.744,7.554,1.094,0.12,0.219
FP,high,TV,511,2.02,FP 49,0.012254902,0.013,0.198,,0.012,0.1,0.025,,0.025,0.025,0.545,,,0.124,0.013,0.013,0.025,0.025,0.389,0.063,0.297,,0.04,0.434,1.644,19.518,3.58,0.091,0.061
FP,high,TV,514,2,FP 59,0.012254902,0.013,0.025,,0.025,0.1,0.025,,0.012,0.225,0.825,,,1.1,0.013,0.013,0.025,0.025,0.389,0.063,0.149,,0.029,0.061,0.615,0.938,0.761,0.047,0.317
FP,high,TV,519,1.49,FP 69,0.012254902,0.013,0.268,,0.034,0.1,0.025,,0.134,0.067,1.443,,,0.101,0.013,0.013,0.025,0.025,0.389,0.063,5,,0.029,0.22,1.517,0.938,1.22,0.047,0.364
FP,high,TV,523,2,FP 79,0.012254902,0.013,0.25,,0.025,0.1,0.025,,0.012,0.1,0.325,,,0.05,0.013,0.013,0.025,0.025,0.389,0.063,6.3,,0.029,1.418,3.801,1.221,4.223,0.594,0.814
FP,high,TV,527,2,FP 89,0.012254902,0.013,0.225,,0.05,0.1,0.025,,0.012,0.075,0.275,,,0.012,0.013,0.013,0.025,0.025,0.389,0.063,0.925,,0.277,0.351,0.879,0.938,3.642,0.781,0.793
DBT,high,TV,429,1.3927,DBT 8,,0.154,0.104,0.138,0.79,0.586,0.9,0.937,,1.903,106.448,0.035,0.404,0.045,0.718,0.04,0.9,0.329,3.448,,42.687,0.397,0.161,0.228,1.844,5.958,0.067,0.55,5.902
DBT,high,TV,502,1.0459,DBT 19,,0.154,0.104,0.138,1.625,0.586,0.9,0.937,,1.912,315.518,0.035,0.404,0.045,1.339,0.04,0.9,0.329,3.448,,44.125,0.397,0.161,0.228,1.844,5.958,0.067,0.55,7.526
DBT,high,TV,505,1.1047,DBT 29,,0.154,1.629,0.138,1.222,0.586,0.9,0.937,,2.037,220.965,0.035,0.404,0.091,0.453,0.04,0.9,0.329,3.448,,14.348,0.397,0.161,0.228,50.619,5.958,0.067,11.074,0.185
DBT,high,TV,508,1.1534,DBT 39,,0.154,0.104,0.138,1.04,0.586,0.9,34.853,,1.431,15.476,0.035,0.404,0.045,0.39,0.04,0.9,0.329,3.448,,16.646,0.397,0.161,11.889,1.844,5.958,0.067,0.55,0.185
DBT,high,TV,511,1.3957,DBT 49,,0.154,0.287,0.138,1.039,0.586,0.9,0.937,,1.648,78.061,0.035,0.404,0.045,1.218,0.04,0.9,0.329,3.448,,29.054,0.397,0.161,0.228,1.844,60.464,0.067,0.55,0.185
DBT,high,TV,514,1.2291,DBT 59,,0.154,0.104,0.138,1.464,0.586,0.9,7.078,,3.295,7.526,0.035,0.404,0.045,0.651,0.04,0.9,0.329,3.448,,0.792,0.397,0.161,0.228,1.844,2790.78,0.067,0.55,0.185
DBT,high,TV,519,1.3766,DBT 69,,0.154,0.104,0.138,0.654,0.586,0.9,0.937,,1.525,277.822,0.035,0.404,0.045,0.654,0.04,0.9,0.329,3.448,,23.318,0.397,0.161,0.228,1.844,5.958,0.067,0.55,0.185
DBT,high,TV,523,1.2241,DBT 78,,0.154,0.104,0.138,0.613,0.586,0.9,6.821,,1.797,115.35,0.035,0.404,0.045,0.776,0.04,0.9,0.329,3.448,,22.629,0.397,0.161,0.228,1.844,5.958,0.067,0.55,8.216
DBT,high,TV,527,1.1689,DBT 89,,0.154,0.104,0.138,1.155,0.586,0.9,0.937,,1.497,143.083,0.035,1.497,0.045,0.071,0.04,0.9,0.329,3.448,,0.792,0.397,0.161,0.228,1.844,5.958,0.067,11.051,0.185
DBT,high,TV,603,1.2635,DBT 99,,0.154,0.104,0.138,1.622,0.586,0.9,14.365,,1.702,557.262,0.035,0.404,0.045,0.317,0.04,0.9,0.329,3.448,,12.07,0.397,0.161,0.228,1.844,5.958,0.067,0.55,0.185
IHNB,high,TV,428,1,IH NB 91,0.06,,0.304,,0.247,0.273,0.238,,,0.048,6.152,0.035,0.464,0.21,0.037,0.066,,,0.464,0.322,0.835,0.445,1.221,4.196,4.48,5.318,0.837,0.36,0.303
IHNB,high,TV,506,2,IH NB 98,0.06,,0.304,,0.252,0.273,0.238,,,0.16,8.246,0.137,0.464,0.21,0.037,0.066,,,0.464,0.322,0.835,0.445,1.819,8.977,5.475,30.846,0.837,0.36,1.015
IHNB,high,TV,512,3,IH NB 105,0.06,,0.985,,0.284,0.273,0.238,,,1.496,9.413,0.095,0.464,0.21,0.152,0.379,,,0.928,0.644,0.835,0.89,0.995,3.849,5.475,3.07,0.837,0.36,0.303
IHNB,high,TV,520,4,IH NB 112,0.06,,0.304,,0.505,0.273,0.238,,,0.048,11.106,0.035,0.464,0.21,0.037,0.066,,,0.464,0.322,0.835,0.445,0.995,8.893,5.475,3.07,0.837,171.605,1.286
IHL,high,TV,428,1.9061,IH L 63,0.321,,,,0.157,,,,,7.135,10.309,1.18,0.518,,0.839,,,,,0.519,,0.9,0.446,0.123,0.058,1.024,0.137,0.418,0.031
IHL,high,TV,506,1.5951,IH L 70,1.693,,,,0.125,,,,,5.705,8.15,0.721,0.518,,0.564,,,,,0.519,,0.9,0.186,0.123,0.058,1.024,0.137,0.11,0.679
IHL,high,TV,512,0.2788,IH L 77,0.321,,,,0.179,,,,,4.484,31.205,0.177,0.518,,0.128,,,,,0.519,,0.9,0.042,0.123,0.058,1.024,0.137,9.587,2.043
IHL,high,TV,520,1.1702,IH L 84,4.7,,,,0.018,,,,,13.673,13.844,2.521,8.204,,0.769,,,,,0.519,,0.9,0.042,0.123,0.058,1.024,0.137,0.443,0.031
IHBB,high,TV,428,3.1,IH BB 7,0.134,,0.356,0.04,0.027,,,5.926,0.184,0.913,3.809,0.223,,0.18,0.111,,,,,,3.653,,0.104,0.355,0.558,3.369,0.69,1.528,0.041
IHBB,high,TV,506,3,IH BB 14,0.38,,2.22,0.04,0.1,,,20.9,0.184,1.66,6.54,0.22,,0.76,0.015,,,,,,1.84,,0.104,0.355,9.641,32.632,12.755,5.731,2.007
IHBB,high,TV,512,1.1,IH BB 21,0.067,,0.089,0.04,0.299,,,1.546,0.184,0.026,2.953,0.02,,0.18,0.166,,,,,,0.615,,0.104,0.355,0.558,36.854,18.04,0.124,1.798
IHBB,high,TV,520,2,IH BB 28,0.067,,0.089,0.04,0.113,,,1.546,0.184,0.026,1.56,0.02,,0.18,0.068,,,,,,0.615,,0.104,0.355,0.558,35.757,1.693,0.124,0.418
IHH,high,TV,428,5.18,IH H 35,,,0.016,,0.09,,,,,0.004,1.481,0.011,,0.023,0.021,,,,,,0.41,,0.082,0.171,0.028,0.373,0.171,0.027,0.025
IHH,high,TV,506,5.2,IH H 42,,,0.086,,0.086,,,,,0.004,2.734,0.062,,0.023,0.008,,,,,,0.41,,0.082,0.171,0.491,0.373,0.106,0.027,0.025
IHH,high,TV,512,5.12,IH H 49,,,0.016,,0.116,,,,,0.015,4.822,0.023,,0.023,0.008,,,,,,0.41,,0.082,0.171,0.244,0.373,0.163,0.027,0.084
IHH,high,TV,520,4.97,IH H 56,,,0.065,,0.078,,,,,0.004,1.386,0.02,,0.023,0.008,,,,,,2.132,,0.082,0.171,0.062,0.373,0.102,0.038,0.024
FP,high,WB,430,0.953,FP 10,0.012254902,0.013,0.025,,0.105,0.1,0.025,,0.012,0.105,0.839,,,0.012,0.013,0.013,0.025,0.025,0.389,0.063,0.149,,0.925,0.434,7.517,6.35,6.311,1.424,1.674
FP,high,WB,502,1.51,FP 20,0.012254902,0.013,0.025,,0.066,0.1,0.025,,0.012,0.066,0.43,,,0.012,0.013,0.013,0.025,0.025,0.389,0.063,0.149,,0.371,0.434,3.596,8.872,2.357,0.416,0.767
FP,high,WB,505,1.5,FP 30,0.012254902,0.013,0.025,,0.012,0.1,0.025,,0.012,0.067,0.833,,,0.012,0.013,0.013,0.025,0.025,0.389,0.063,0.149,,0.04,0.434,10.101,19.605,4.237,0.727,1.226
FP,high,WB,508,1.99,FP 40,0.012254902,0.013,0.302,,0.05,0.1,0.025,,0.276,0.075,0.93,,,0.025,0.013,0.025,0.025,0.025,0.389,0.063,1.583,,0.04,0.434,20.462,5.411,1.393,0.281,0.388
FP,high,WB,511,2,FP 50,0.012254902,0.025,0.45,,0.025,0.1,0.025,,0.55,0.1,0.75,,,0.1,0.013,0.013,0.025,0.025,0.389,0.063,1.025,,0.04,0.434,5.287,9.744,3.478,0.216,0.614
FP,high,WB,514,1.99,FP 60,0.012254902,0.013,0.352,,0.025,0.1,0.025,,1.08,0.075,0.779,,,0.025,0.013,0.013,0.025,0.025,0.389,0.063,0.779,,0.029,0.757,2.546,1.809,2.051,0.23,0.249
FP,high,WB,519,1.49,FP 70,0.012254902,0.013,0.94,,0.034,0.1,0.134,,2.349,0.012,5.336,,,0.067,0.034,0.013,0.025,0.025,0.389,0.063,6.846,,0.029,0.061,3.384,0.938,2.161,0.083,0.442
FP,high,WB,523,2.01,FP 80,0.012254902,0.013,0.05,,0.012,0.1,0.025,,0.012,0.05,0.025,,,0.012,0.013,0.013,0.025,0.025,0.389,0.063,2.313,,0.029,4.238,3.484,2.677,2.106,0.047,0.433
FP,high,WB,527,1.99,FP 90,0.012254902,0.013,0.025,,0.025,0.1,0.025,,0.012,0.025,0.025,,,0.012,0.013,0.013,0.025,0.025,0.389,0.063,1.307,,0.029,0.061,1.175,0.938,2.039,0.43,0.503
DBT,high,WB,430,1.4212,DBT 10,,0.317,0.104,0.138,1.196,0.586,0.9,0.937,,2.603,149.451,0.035,0.404,0.045,1.091,0.04,0.9,0.329,3.448,,14.847,0.397,0.161,0.228,1.844,5.958,0.067,0.55,0.185
DBT,high,WB,502,1.3083,DBT 20,,0.154,0.104,0.138,0.65,0.586,0.9,0.937,,1.108,14.981,0.115,0.404,0.045,0.229,0.04,0.9,0.329,3.448,,15.746,0.397,0.161,0.228,1.844,5.958,0.067,0.55,0.185
DBT,high,WB,505,1.4212,DBT 30,,0.154,0.104,0.138,1.231,0.586,0.9,13.721,,3.272,70.046,0.035,0.404,0.045,1.442,0.04,0.9,0.329,3.448,,1.583,0.397,0.161,0.228,1.844,5.958,0.067,0.55,0.185
DBT,high,WB,508,1.348,DBT 40,,0.154,0.104,0.138,1.001,0.586,0.9,32.752,,1.966,56.825,0.035,0.404,0.045,0.482,0.04,0.9,0.329,3.448,,16.061,0.397,42.237,0.228,2.291,5.958,0.067,0.55,0.185
DBT,high,WB,511,1.4098,DBT 50,,0.154,0.104,0.138,0.78,0.586,0.9,9.15,,2.518,44.652,0.035,0.404,0.045,0.638,0.04,0.9,0.329,3.448,,11.456,0.397,0.161,0.228,61.007,5.958,0.067,0.55,0.185
DBT,high,WB,514,1.439,DBT 60,,0.154,0.104,0.138,0.903,0.586,0.9,24.253,,1.286,110.146,0.035,0.404,0.045,0.071,0.04,0.9,0.329,3.448,,0.792,0.397,0.161,0.228,1.844,5.958,0.067,0.55,11.909
DBT,high,WB,519,1.307,DBT 70,,0.154,0.104,1.951,0.803,0.586,0.9,49.044,,3.175,110.023,0.035,0.404,0.045,1.951,0.04,0.9,6.35,3.448,,0.792,0.397,0.161,0.228,1.844,5.958,0.067,3.694,0.185
DBT,high,WB,523,1.613,DBT 79,,0.154,0.104,0.138,0.899,0.586,0.9,0.937,,0.961,2.945,0.035,0.404,0.045,0.071,0.04,0.9,0.329,3.448,,0.792,0.397,0.161,0.228,1.844,5.958,0.067,0.55,3.701
DBT,high,WB,527,1.2264,DBT 90,,0.154,0.285,0.138,0.02,0.586,0.9,0.937,,1.345,20.915,0.035,1.101,0.045,0.071,0.04,2.609,0.329,3.448,,15.37,0.397,0.161,0.228,1.844,5.958,0.067,8.108,9.254
DBT,high,WB,603,1.3268,DBT 100,,0.154,0.104,0.138,2.299,0.586,0.9,23.251,,3.354,37.383,0.035,0.404,0.045,1.244,0.04,0.9,0.329,6.896,,6.934,0.397,0.161,0.228,1.844,5.958,0.067,0.55,0.185
FP,high,WV,507,1.99,FP 91,0.012254902,0.013,0.025,,0.025,0.1,0.025,,0.477,0.075,1.055,,,0.025,0.013,0.013,0.025,0.025,0.389,0.063,1.281,,0.029,0.108,0.057,4.734,1.121,0.098,0.147
FP,high,WV,510,2,FP 92,0.012254902,0.013,0.025,,0.025,0.1,0.025,,0.625,0.05,0.25,,,0.012,0.013,0.013,0.025,0.025,0.389,0.063,0.3,,0.042,0.473,2.253,1.3,3.147,0.422,0.553
FP,high,WV,516,2,FP 93,0.012254902,0.013,0.025,,0.012,0.1,0.025,,0.05,0.05,0.35,,,0.025,0.013,0.013,0.025,0.025,0.389,0.063,0.875,,0.029,0.32,1.535,0.938,1.573,0.136,0.437
FP,high,WV,524,1.98,FP 94,0.012254902,0.013,0.025,,0.025,0.1,0.025,,0.012,0.051,0.025,,,0.012,0.013,0.013,0.025,0.025,0.389,0.063,0.149,,1.417,0.061,0.057,0.938,24.804,0.047,5.373
